-- phpMyAdmin SQL Dump
-- version 4.0.6
-- http://www.phpmyadmin.net
--
-- 主机: localhost
-- 生成日期: 2014-10-18 00:06:35
-- 服务器版本: 5.6.13
-- PHP 版本: 5.3.27

SET SQL_MODE = "NO_AUTO_VALUE_ON_ZERO";
SET time_zone = "+00:00";


/*!40101 SET @OLD_CHARACTER_SET_CLIENT=@@CHARACTER_SET_CLIENT */;
/*!40101 SET @OLD_CHARACTER_SET_RESULTS=@@CHARACTER_SET_RESULTS */;
/*!40101 SET @OLD_COLLATION_CONNECTION=@@COLLATION_CONNECTION */;
/*!40101 SET NAMES utf8 */;

--
-- 数据库: `aktgroup_test`
--

-- --------------------------------------------------------

--
-- 表的结构 `tb_admin`
--

CREATE TABLE IF NOT EXISTS `tb_admin` (
  `id` int(11) NOT NULL AUTO_INCREMENT,
  `username` varchar(100) CHARACTER SET utf8 COLLATE utf8_estonian_ci NOT NULL,
  `password` varchar(100) CHARACTER SET utf8 COLLATE utf8_estonian_ci NOT NULL,
  `role` varchar(5) NOT NULL,
  `created_date` timestamp NOT NULL DEFAULT CURRENT_TIMESTAMP,
  `created_admin` varchar(50) NOT NULL,
  PRIMARY KEY (`id`),
  UNIQUE KEY `username` (`username`)
) ENGINE=InnoDB  DEFAULT CHARSET=utf8 AUTO_INCREMENT=12 ;

--
-- 转存表中的数据 `tb_admin`
--

INSERT INTO `tb_admin` (`id`, `username`, `password`, `role`, `created_date`, `created_admin`) VALUES
(3, 'root', '63a9f0ea7bb98050796b649e85481845', '根管理员', '2014-04-27 08:25:25', 'lw'),
(8, 'lw', 'e10adc3949ba59abbe56e057f20f883e', '超级管理员', '2014-05-02 15:08:11', 'lw');

-- --------------------------------------------------------

--
-- 表的结构 `tb_akt_order`
--

CREATE TABLE IF NOT EXISTS `tb_akt_order` (
  `id` int(11) NOT NULL AUTO_INCREMENT,
  `order_num` varchar(100) CHARACTER SET utf8 NOT NULL,
  `batch_id` int(11) NOT NULL,
  `batch_name` varchar(50) CHARACTER SET utf8 NOT NULL,
  `batch_seq` int(10) NOT NULL,
  `user_id` int(11) DEFAULT NULL,
  `created_admin` varchar(50) CHARACTER SET utf8 NOT NULL,
  `created_date` timestamp NULL DEFAULT NULL,
  `category` varchar(50) CHARACTER SET utf8 NOT NULL,
  `amount` int(10) NOT NULL,
  `weight` varchar(10) COLLATE utf8_estonian_ci DEFAULT NULL,
  `certificate` varchar(100) CHARACTER SET utf8 DEFAULT NULL,
  `pic_name` varchar(50) COLLATE utf8_estonian_ci DEFAULT NULL,
  `pic_name2` varchar(100) COLLATE utf8_estonian_ci DEFAULT NULL,
  `status` int(1) NOT NULL DEFAULT '0',
  `sender_name` varchar(50) COLLATE utf8_estonian_ci DEFAULT NULL,
  `sender_tel_area` varchar(6) CHARACTER SET utf8 DEFAULT NULL,
  `sender_tel` varchar(50) COLLATE utf8_estonian_ci DEFAULT NULL,
  `sender_email` varchar(100) COLLATE utf8_estonian_ci DEFAULT NULL,
  `sender_addr` varchar(200) COLLATE utf8_estonian_ci DEFAULT NULL,
  `receiver_name` varchar(50) COLLATE utf8_estonian_ci DEFAULT NULL,
  `receiver_tel_area` varchar(6) CHARACTER SET utf8 DEFAULT NULL,
  `receiver_tel` varchar(50) COLLATE utf8_estonian_ci DEFAULT NULL,
  `receiver_email` varchar(100) COLLATE utf8_estonian_ci DEFAULT NULL,
  `receiver_addr` varchar(200) COLLATE utf8_estonian_ci DEFAULT NULL,
  `order_route_info` varchar(500) CHARACTER SET utf8 DEFAULT NULL,
  `order_route_date` timestamp NULL DEFAULT NULL,
  `order_route_area` varchar(100) CHARACTER SET utf8 DEFAULT NULL,
  `remarks` varchar(500) COLLATE utf8_estonian_ci DEFAULT NULL,
  PRIMARY KEY (`id`),
  UNIQUE KEY `origin_id` (`order_num`)
) ENGINE=InnoDB  DEFAULT CHARSET=utf8 COLLATE=utf8_estonian_ci AUTO_INCREMENT=97 ;

--
-- 转存表中的数据 `tb_akt_order`
--

INSERT INTO `tb_akt_order` (`id`, `order_num`, `batch_id`, `batch_name`, `batch_seq`, `user_id`, `created_admin`, `created_date`, `category`, `amount`, `weight`, `certificate`, `pic_name`, `pic_name2`, `status`, `sender_name`, `sender_tel_area`, `sender_tel`, `sender_email`, `sender_addr`, `receiver_name`, `receiver_tel_area`, `receiver_tel`, `receiver_email`, `receiver_addr`, `order_route_info`, `order_route_date`, `order_route_area`, `remarks`) VALUES
(2, '29009055', 2, 'CAN', 1, 0, 'lw', '2014-10-09 06:57:58', '奶粉', 6, '7.2', '440306198309192024', '54363e6d5ddf61.jpg', '54363e6d5de382.jpg', 1, 'Grace', '', '0499465606', '', '', '陈丽凤', '', '13725504477', '', '广东省深圳市光明新区公明街道民生路286号公明投资服务中心\r\n', '', '0000-00-00 00:00:00', '', ''),
(3, '29009071', 2, 'CAN', 2, 0, 'lw', '2014-10-09 06:59:08', '化妆品', 6, '1.6', '211022199003216894', '5437d2685de6b1.JPG', '5437d2685deb62.JPG', 1, 'weijunwang ', '', '0430544070', '', '14 galueston benel sucesswa 6164\r\n', '关立新', '', '13841977695', '', '辽宁省辽阳市白塔区振兴路57号普罗旺斯小区\r\n', '', '0000-00-00 00:00:00', '', ''),
(4, '29009091', 2, 'CAN', 3, 0, 'lw', '2014-10-09 07:03:42', '奶粉', 6, '7.2', '440102198508230322', '54363f65c48e31.jpg', '54363f65c49262.jpg', 1, 'lisisi', '', '0451535683', '', '', '粱家宝', '', '15989020823', '', '广东省广州市越秀区淘金北路71号恒华阁401房\r\n', '', '0000-00-00 00:00:00', '', ''),
(5, '29009061', 2, 'CAN', 4, 0, 'lw', '2014-10-09 07:06:20', '奶粉', 6, '7.3', '362301198401080041', '54363eb7ad8ca1.jpg', '54363eb7ad90a2.jpg', 1, 'liangziqiu', '', '0424496900', '', '77 leach highway wilson perth wa\r\n', '童佳', '', '13879333655', '', '江西省上饶市第四中学初中部英语组\r\n', '', '0000-00-00 00:00:00', '', ''),
(6, '29009094', 2, 'CAN', 5, 0, 'lw', '2014-10-09 07:10:20', '奶粉', 6, '7.2', '', '', '', 1, 'chengxiangning', '', '0477056696', '', '11 torcross  stwambro wa 6169\r\n', '成安敏', '', '13874864564', '', '湖南省长沙市雨花区卉园路80号红区抽屉C栋607\r\n', '', '0000-00-00 00:00:00', '', ''),
(7, '29009040', 2, 'CAN', 6, 0, 'lw', '2014-10-09 07:11:45', '奶粉', 6, '7', '330327198202130313', '5437a4b0832221.png', '5437a4b0832612.png', 1, 'pei yuan sun ', '', '0450728809', '', '', '孙培棒', '', '13506872088', '', '浙江省温州市苍南县龙港镇宫后路344号\r\n', '', '0000-00-00 00:00:00', '', ''),
(8, '29008998', 2, 'CAN', 7, 0, 'lw', '2014-10-09 07:13:01', '羊毛被', 1, '4', '321088196704100022', '5436a65c704611.jpg', '5436a65c704a22.jpg', 1, 'zhoumo', '', '0451300529', '', '46 spyglass circle canning vale，wa\r\n', '梁明武', '', '13801443027', '', '江苏省扬州市江都区东方红路12号锦都小区3幢602\r\n', '', '0000-00-00 00:00:00', '', ''),
(9, '29008999', 2, 'CAN', 8, 0, 'lw', '2014-10-09 07:14:17', '杂物', 10, '3.9', '310225199206245620', '5436a2f15003a1.jpg', '5436a2f1500542.jpg', 1, 'zhoumo', '', '0451300529', '', '46 spyglass circle canning vale，wa\r\n', '张蓓', '', '13524228181', '', '上海市南汇区宣桥镇宣春路164号\r\n', '', '0000-00-00 00:00:00', '', ''),
(10, '29009000', 2, 'CAN', 9, 0, 'lw', '2014-10-09 07:15:35', '奶粉', 4, '3.9', '321002198709074926', '54369790279731.jpg', '54369790279ad2.jpg', 1, 'zhoumo', '', '0451300529', '', '46 spyglass circle canning vale，wa\r\n', '刘蜀圆', '', '13270552369', '', '江苏省扬州市广陵区汶河北路2号交通银行文昌阁支行\r\n', '', '0000-00-00 00:00:00', '', ''),
(11, '29009116', 2, 'CAN', 10, 0, 'lw', '2014-10-09 07:21:58', '保健品', 3, '0.7', '', '', '', 1, 'jianghan', '', '0424313063', '', '13 79/81 geogre way cannington wa\r\n', '史芹花', '', '13319100988', '', '陕西省咸阳市秦都区世纪大道金泰丝路花城怡园8幢\r\n', '', '0000-00-00 00:00:00', '', ''),
(12, '29009044', 2, 'CAN', 11, 0, 'lw', '2014-10-09 07:23:10', '化妆品', 12, '1.5', '320586198610222945', '5438938629f631.jpg', '5438938629f632.jpg', 1, 'lujiansha', '', '0435198206', '', '', '陈颖', '', '13962141835', '', '江苏省苏州市相城区润元路香城花园三区70栋804\r\n', '', '0000-00-00 00:00:00', '', ''),
(13, '29009079', 2, 'CAN', 12, 0, 'lw', '2014-10-09 07:27:13', '保健品', 4, '1.1', '320501198308161543', '54373b0dd69061.jpg', '54373b0dd69402.jpg', 1, 'lujiansha', '', '0435198206', '', '', '唐方耶', '', '13812787927', '', '江苏省苏州市吴中区木渎镇梅岭路林华小区9-4\r\n', '', '0000-00-00 00:00:00', '', ''),
(14, '29009073', 2, 'CAN', 13, 0, 'lw', '2014-10-09 07:28:23', '奶粉', 6, '7.2', '', '', '', 1, 'youshunzhen', '', '0414990755', '', '28nottingham parkway ovelio wa 6167\r\n', '毛明祥', '', '13852549888', '', '江苏省高邮市三垛镇武宁村祥宁消防器材厂\r\n', '', '0000-00-00 00:00:00', '', ''),
(16, '29009089', 2, 'CAN', 15, 0, 'lw', '2014-10-09 07:36:13', '奶粉', 6, '7.3', '320107197803111828', '29009089_1.JPG', '29009089_2.JPG', 1, 'wangjianping', '', '0452634523', '', '30 vinca way forrestfiled 6059\r\n', '沈蓉', '', '13815892555', '', '江苏省南京市鼓楼区江东北路百合果园20栋703室\r\n', '', '0000-00-00 00:00:00', '', ''),
(17, '29009103', 2, 'CAN', 16, 0, 'lw ', '2014-10-09 08:40:45', '保健品', 14, '5.7', '330227197412067746', '54373bcf011f31.png', '54373bcf0122d2.png', 1, 'lilijun ', '', '', '', '15 fype cirde bull creok 6149\r\n', '陈红', '', '13081961388', '', '浙江省宁波市江东区嘉汇国贸B座909室\r\n', '', '0000-00-00 00:00:00', '', ''),
(18, '29008964', 2, 'CAN', 17, 0, 'lw', '2014-10-09 08:44:52', '化妆品', 7, '4.6', '321088196610220111', '5436a5a0699611.jpg', '5436a5a06999c2.jpg', 1, 'zhoumo', '', '0451300529', '', '46 spyglass circle canning vale，wa\r\n', '周勇', '', '13905259058', '', '江苏省扬州市江都区龙川区中远欧洲城66幢103\r\n', '', '0000-00-00 00:00:00', '', ''),
(19, '29009118', 2, 'CAN', 18, 0, 'lw', '2014-10-10 13:07:14', '杂物', 6, '1.3', '440306197111010024', '543910b12625a1.jpg', '543910b12625a2.jpg', 1, 'fanming zeng', '', '0421130819', '', '9/168 broadway nedlands wa 6009\r\n', '凌娟', '', '13802217033', '', '广东省深圳市宝安区20区碧清晨1号楼103\r\n', '', '0000-00-00 00:00:00', '', ''),
(21, '29009105', 2, 'CAN', 20, 0, 'lw', '2014-10-10 13:10:29', '奶粉', 4, '4.5', '620102196007094312', '5437fccc35cb61.jpg', '5437fccc35cf62.jpg', 1, 'lin he ', '', '0406866671', '', '42 hayden way langford wa \r\n', '何焕平', '', '13909487593', '', '甘肃省兰州市城关区铁路新村东街4号2207室\r\n', '', '0000-00-00 00:00:00', '', ''),
(22, '29009075', 2, 'CAN', 21, 0, 'lw', '2014-10-10 13:11:53', '奶粉', 6, '7.2', '610124198205083011', '543fb4adc28cb1.jpg', '543fb4adc28cb2.jpg', 1, 'chen peng cheng ', '', '0450000660', '', '17A vesta crecent shelleg wa 6148\r\n', '赵旭勇', '', '18710792701', '', '陕西省西安市高新区丈八北路鸿基新城沁园5-1-1404\r\n', '', '0000-00-00 00:00:00', '', ''),
(23, '29009042', 2, 'CAN', 22, 0, 'lw', '2014-10-10 13:13:09', '奶粉', 6, '7.2', '350524198412216014', '543fb2ce1ab3f1.jpg', '543fb2ce1ab3f2.jpg', 1, 'chen peng cheng ', '', '0450000660', '', '17A vesta crecent shelleg wa 6148\r\n', '陈勇灿', '', '13696990719', '', '福建省厦门市思明区湖滨南路388号国贸大厦15楼法律部\r\n', '', '0000-00-00 00:00:00', '', ''),
(24, '29009115', 2, 'CAN', 23, 0, 'lw', '2014-10-10 13:29:57', '化妆品', 25, '5.1', '33060219870904304X', '5437f6875030f1.jpg', '5437f687503512.jpg', 1, 'cuishu liou', '', '0432359280', '', 'unit4 13 puimcess road crawley wa 6009\r\n', '韩英', '', '13777337681', '', '浙江省绍兴市越城区敦煜新村18#304\r\n', '', '0000-00-00 00:00:00', '', ''),
(26, '29008963', 2, 'CAN', 25, 0, 'lw', '2014-10-10 13:35:11', '奶粉', 6, '7.2', '321088199110121567', '543d3ddd57bcf1.jpg', '543d3ddd57bcf2.jpg', 1, 'zhoumo', '', '0451300529', '', '46 spyglass circle canning vale，wa\r\n', '张燕', '', '15190415831', '', '江苏省扬州市江都区龙川路308号铂金府邸4幢301室\r\n', '', '0000-00-00 00:00:00', '', ''),
(27, '29009100', 2, 'CAN', 26, 0, 'lw', '2014-10-10 13:45:25', '保健品', 10, '4.5', '', '', '', 1, 'pangzi', '', '', '2217547366@qq.com', '\r\n', '付莹莹', '', '15190415831', '', '吉林省长春市高新技术开发区暴力罗兰香东B-1-17-1102\r\n', '', '0000-00-00 00:00:00', '', ''),
(28, '29009151', 2, 'CAN', 27, 0, 'lw', '2014-10-10 13:50:50', '奶粉', 6, '7.2', '362301198307211025', '543a456a632ea1.jpg', '543a456a632ea2.jpg', 1, 'liang z qiou ', '', '0424496900', '', '77 leach highway wilson perth wa\r\n', '潘琼', '', '18679325865', '', '江西省上饶市第四中学初中部英语组\r\n', '', '0000-00-00 00:00:00', '', ''),
(29, '29009141', 2, 'CAN', 28, 0, 'lw', '2014-10-10 13:52:01', '杂物', 13, '2.3', '210113199104293221', '5437f5fda36511.jpg', '5437f5fda36912.jpg', 1, 'xiaoyong', '', '0434894621', '', '', '刘佳', '', '18704032238', '', '辽宁省沈阳市沈北新区遵义大街丽景家园13号楼1-2-2\r\n', '', '0000-00-00 00:00:00', '', ''),
(30, '29009154', 2, 'CAN', 29, 0, 'lw', '2014-10-10 13:54:27', '化妆品', 12, '3', '420124198110076729', '54388aefdd40a1.jpg', '54388aefdd40a2.jpg', 1, 'yu jin hua', '', '0452517922', '', '226 graebler rd aubin giove \r\n', '刘凤兰', '', '18086512229', '', '湖北省武汉市黄陂区黄坡职高\r\n', '', '0000-00-00 00:00:00', '', ''),
(31, '29009144', 2, 'CAN', 30, 0, 'lw', '2014-10-10 14:00:21', '奶粉', 6, '7.2', '', '', '', 1, 'feng feng bo ', '', '0424399972', '', '21 bottlebrush dr morley 6062 wa \r\n', '黄丽萍', '', '18989527812', '', '浙江省诸暨市淘米街到路湖小学\r\n', '', '0000-00-00 00:00:00', '', ''),
(33, '29009147', 2, 'CAN', 32, 0, 'lw', '2014-10-10 14:02:54', '婴儿食品', 11, '2.2', '210302198407311535', '543ca100c28cb1.JPG', '543ca100c28cb2.JPG', 1, '原月', '', '0402015556', '', '', '王莲峰', '', '13998077106', '', '辽宁省鞍山市铁西区三道街49栋13号\r\n', '', '0000-00-00 00:00:00', '', ''),
(34, '29009156', 2, 'CAN', 33, 0, 'lw', '2014-10-10 14:05:17', '保健品', 16, '6.9', '210881198008040849', '29009156_1.jpg', '29009156_2.jpg', 1, '', '', '0413553665', '', 'oladstoe rd rivervale 6103 wa \r\n', '马巍', '', '15841702763', '', '辽宁省营口市鲅鱼圈平安家园14-1-502\r\n', '', '0000-00-00 00:00:00', '', ''),
(35, '29009149', 2, 'CAN', 34, 0, 'lw', '2014-10-10 14:06:36', '奶粉', 4, '4.5', '210302198508170022', '543ca1cf44aa21.JPG', '543ca1cf44aa22.JPG', 1, '原月', '', '0402015556', '', '', '陶跃', '', '15998000405', '', '辽宁省鞍山市绿化街62栋2单元16号\r\n', '', '0000-00-00 00:00:00', '', ''),
(37, '29009217', 2, 'CAN', 36, 0, 'lw', '2014-10-12 20:12:27', '杂货', 16, '6.3', '330382197910280064', '543d0c8357bcf1.JPG', '543d0c8357bcf2.JPG', 1, 'hannanzheng', '', '0433290111', '', '9/29 wellingtor street queens park\r\n\r\n', '陈琼', '', '13868763790', '', '浙江省乐清市南大街城新巷11号A幢302室\r\n', '', '0000-00-00 00:00:00', '', ''),
(38, '29009284', 2, 'CAN', 37, 0, 'lw', '2014-10-12 20:13:34', '化妆品', 17, '3.7', '412301196612104547', '543b51864c4b41.JPG', '543b51864c4b42.JPG', 1, 'chaiyiyu', '0423', '260978', '', '8 driffield street hamersley\r\n', '聂颖', '', '18601793528', '', '上海市闵行区虹中路460弄47号1102室\r\n', '', '0000-00-00 00:00:00', '', ''),
(39, '29009268', 2, 'CAN', 38, 0, 'lw', '2014-10-12 20:13:47', '奶粉', 6, '7.2', '370104195709051022', '543c8668e8b251.JPG', '543c8668e8b252.JPG', 1, 'ken', '', '0425665555', '', '25 petrel close wilson wa \r\n', '隗振芳', '', '13065075803', '', '山东省济南市槐荫区张庄路172号正华园小区4-2-301\r\n', '', '0000-00-00 00:00:00', '', ''),
(41, '29009121', 2, 'CAN', 40, 0, 'lw', '2014-10-13 05:00:23', '保健品', 18, '4', '510104197901074107', '543b83c8e11131.jpg', '543b83c8e11132.jpg', 1, 'Bosi', '0449', '891215', '', '16 hadsey close cannington wa 6107\r\n', '蔡雪菲', '', '13348803339', '', '四川省成都市成华区府青路二段18号纱同新城14栋1单元903\r\n', '', '0000-00-00 00:00:00', '', ''),
(43, '29009131', 2, 'CAN', 42, 0, 'lw', '2014-10-13 05:02:43', '保健品', 3, '1', '230826198308020224', '543dd6f566ff31.JPG', '543dd6f566ff32.JPG', 1, 'xiating', '', '0413316234', '', '1/3 furniss road dorch wa 6065\r\n', '陈丽娟', '', '13946096622', '', '黑龙江省哈尔滨市松北区安北大街第九十五中学\r\n', '', '0000-00-00 00:00:00', '', ''),
(44, '29009137', 2, 'CAN', 43, 0, 'lw', '2014-10-13 05:04:17', '儿童食品', 13, '2', '210402198108172921', '543c96b47de291.JPG', '543c96b47de292.JPG', 1, 'yuanyue', '', '0402015556', '', '53/23-31 rd kainlarn aic waylands wa \r\n', '芦媛', '', '13889772254', '', '辽宁省鞍山市海城市腾鳌镇腾鳌交通岗万福园中园售楼处', '', '0000-00-00 00:00:00', '', ''),
(45, '29009152', 2, 'CAN', 44, 0, 'lw', '2014-10-13 05:05:10', '奶粉', 6, '7.2', '412727195210150023', '543bdb35764171.jpg', '543bdb35764172.jpg', 1, 'yangzhao', '0424', '492759', '', '17 komk road wonmaoop wa 6210\r\n', '杨雪勤', '', '13526238479', '', '河南省淮阳县西城区合和花园13栋201\r\n', '', '0000-00-00 00:00:00', '', ''),
(47, '29009221', 2, 'CAN', 46, 0, 'lw', '2014-10-13 05:07:01', '保健品', 10, '3', '210303198205211620', '543b83c82dc6c1.JPG', '543b83c82dc6c2.JPG', 1, 'yuanyue', '', '0402015556', '', '53/23-31 rd kainlarn aic waylands wa \r\n', '王媛媛', '', '13904207626', '', '辽宁省鞍山市铁东区四隆花园四号楼三单元202\r\n', '', '0000-00-00 00:00:00', '', ''),
(48, '29009244', 2, 'CAN', 47, 0, 'lw', '2014-10-13 05:07:38', '奶粉', 6, '7.2', '211102198409160021', '543cb690cdfe61.JPG', '543cb690cdfe62.JPG', 1, 'yuanyue', '', '0402015556', '', '53/23-31 rd kainlarn aic waylands wa \r\n', '王琳', '', '13942716138', '', '辽宁省盘锦市双台子区兴农街138号\r\n', '', '0000-00-00 00:00:00', '', ''),
(49, '29009250', 2, 'CAN', 48, 0, 'lw', '2014-10-13 05:08:24', '奶粉', 6, '7.3', '45051119780629002X', '543b88c2501bd1.jpg', '543b88c2501bd2.jpg', 1, '', '', '0431122404', '', '193a colliek embleton wa 6062\r\n', '黄娟', '', '13977901383', '', '广西省北海市北海大道36号市质量技术监督局大院\r\n', '', '0000-00-00 00:00:00', '', ''),
(50, '29009256', 2, 'CAN', 49, 0, 'lw', '2014-10-13 05:08:59', '杂货', 5, '1', '210303198102181238', '543c996057bcf1.JPG', '543c996057bcf2.JPG', 1, 'yuanyue', '', '0402015556', '', '53/23-31 rd kainlarn aic waylands wa \r\n', '徐巍', '', '13904124271', '', '辽宁省鞍山市铁西东区山西家私城四号门\r\n', '', '0000-00-00 00:00:00', '', ''),
(51, '29009258', 2, 'CAN', 50, 0, 'lw', '2014-10-13 05:10:00', '杂物', 25, '5', '232332197002266317', '543dd692a037a1.JPG', '543dd692a037a2.JPG', 1, 'xiating', '', '0413316234', '', '1/3 furniss road dorch wa 6065\r\n', '张海军', '', '13261287298', '', '北京市丰台区航平路甲4号\r\n', '', '0000-00-00 00:00:00', '', ''),
(52, '29009260', 2, 'CAN', 51, 0, 'lw', '2014-10-13 05:10:50', '奶粉', 8, '7.3', '211021197809215844', '543b6c2407a121.jpg', '543b6c2407a122.jpg', 1, 'fangfang', '', '0466892579', '', '3/9 stricjland st southperth wa \r\n', '郝静波', '', '13050080811', '', '辽宁省鞍山市鞍钢高中化学组\r\n', '', '0000-00-00 00:00:00', '', ''),
(53, '29009262', 2, 'CAN', 52, 0, 'lw', '2014-10-13 05:11:30', '保健品', 6, '1', '210303198501080346', '543bc783e4e1c1.jpg', '543bc783e4e1c2.jpg', 1, 'yuanyue', '', '0402015556', '', '53/23-31 rd kainlarn aic waylands wa \r\n', '沈程', '', '18608901080', '', '广东省广州市白云区鹤龙一路218号\r\n', '', '0000-00-00 00:00:00', '', ''),
(54, '29009264', 2, 'CAN', 53, 0, 'lw', '2014-10-13 05:12:14', '儿童食品', 6, '3', '210381198911193545', '543b6750225511.jpg', '543b6750225512.jpg', 1, 'yuanyue', '', '0402015556', '', '53/23-31 rd kainlarn aic waylands wa \r\n', '张雪', '', '18741222288', '', '辽宁省鞍山市铁西区万良糖尿病医院后院\r\n', '', '0000-00-00 00:00:00', '', ''),
(56, '29009266', 2, 'CAN', 55, 0, 'lw', '2014-10-13 05:14:18', '保健品', 8, '2', '210302198505130623', '543bc828a7d8c1.jpg', '543bc828a7d8c2.jpg', 1, 'yuanyue', '0402', '015556', '', '53/23-31 rd kainlarn aic waylands wa \r\n', '邓旭', '', '13940120280', '', '辽宁省沈阳市浑南新区在水一方东园中7   1-3-2\r\n', '', '0000-00-00 00:00:00', '', ''),
(57, '29009277', 2, 'CAN', 56, 0, 'lw', '2014-10-13 05:16:44', '奶粉', 6, '7.3', '37010419560329101x', '543c8604764171.JPG', '543c8604764172.JPG', 1, 'ken', '', '0425665555', '', '25 petrel close wilson wa \r\n', '颜景玲', '', '13065075803', '', '山东省济南市槐荫区张庄路172号正华园小区4-2-301\r\n', '', '0000-00-00 00:00:00', '', ''),
(58, '29009278', 2, 'CAN', 57, 0, 'lw', '2014-10-13 05:18:03', '杂物', 38, '7', '430423197609270026', '543fb242000001.jpg', '543fb242000002.jpg', 1, 'cindy', '', '0423836929', '', '61a lgobe\r\n', '谭涛', '', '13829256685', '', '广东省东莞市长安镇长安自来水公司\r\n', '', '0000-00-00 00:00:00', '', ''),
(59, '29009280', 2, 'CAN', 58, 0, 'lw', '2014-10-13 05:18:49', '保健品', 7, '1', '52018119860605046X', '543fb1e490f561.jpg', '543fb1e490f562.jpg', 1, 'liushilu', '', '0413589793', '', '141 basing hall st east uctoria park wa\r\n', '朱刘莉', '', '13811921074', '', '北京市密云县长安校区17号楼二单元502\r\n', '', '0000-00-00 00:00:00', '', ''),
(60, '29009281', 2, 'CAN', 59, 0, 'lw', '2014-10-13 05:19:24', '奶粉', 6, '7', '352229198407223022', '543b8f36895441.jpg', '543b8f36895442.jpg', 1, 'chenlinrong', '', '0403736554', '', '16 folland pde atwell wa 6164', '王丽容', '', '13400558350', '', '福建省福州市仓山区福湾新城玉兰一路夏雨苑A区2#1103室\r\n', '', '0000-00-00 00:00:00', '', ''),
(61, '29009300', 2, 'CAN', 60, 0, 'lw', '2014-10-13 05:20:55', '奶粉', 6, '7', '350204198307034049', '543bdddf44aa21.jpg', '543bdddf44aa22.jpg', 1, 'chenlinrong', '0403', '736554', '', '16 folland pde atwell wa 6164\r\n', '陈艳', '', '13860408279', '', '福建省福州市仓山区福湾新城玉兰一路夏雨苑A区2#1103室\r\n', '', '0000-00-00 00:00:00', '', ''),
(62, '29009301', 2, 'CAN', 61, 0, 'lw', '2014-10-13 05:21:41', '保健品', 6, '1', '350204198301041045', '543be4c3632ea1.jpg', '543be4c3632ea2.jpg', 1, 'xujun', '', '', '', '3/12 whose streeteastperthway wa6230\r\n', '汪晨维', '', '13906002553', '', '福建省厦门市文屏路114号301室\r\n', '', '0000-00-00 00:00:00', '', ''),
(63, '29009302', 2, 'CAN', 62, 0, 'lw', '2014-10-13 05:25:27', '奶粉', 6, '7.3', '370306195706134715', '543cbbd953ec61.jpg', '543cbbd953ec62.jpg', 1, 'yuf', '', '0406836688', '', '34 baobers ridge wathron wa 6150\r\n', '韩克龙', '', '15666363869', '', '山东省淄博市周村区荫水镇淄博丰雁电子有限公司\r\n', '', '0000-00-00 00:00:00', '', ''),
(65, '29009304', 2, 'CAN', 64, 0, 'lw', '2014-10-13 05:27:05', '奶粉', 1, '1.5', '350205198712161021', '543cf1f96ea051.jpg', '543cf1f96ea052.jpg', 1, 'wangchenwei', '', '0416029909', '', '', '郑璐婷', '', '18650197987', '', '福建省厦门市集美区杏林交浦东路68号\r\n', '', '0000-00-00 00:00:00', '', ''),
(66, '29009305', 2, 'CAN', 65, 0, 'lw', '2014-10-13 05:27:49', '奶粉', 6, '7.2', '35021219840824001X', '543bde6c81b321.jpg', '543bde6c81b322.jpg', 1, 'wangchenwei', '', '0416029909', '', '', '张智超', '', '13906029704', '', '福建省厦门市同安区凤山一里裕景新城2期4号602\r\n', '', '0000-00-00 00:00:00', '', ''),
(67, '29009311', 2, 'CAN', 66, 0, 'lw', '2014-10-13 05:28:20', '奶粉', 6, '7.2', '362101195810101320', '543cdb4681b321.JPG', '543cdb4681b322.JPG', 1, 'haolei', '', '0404482122', '', '8 hordernst nctoria park wa 6100\r\n', '郭荣桂', '', '13707078915', '', '江西省赣州市章贡区章贡北大道62号江湾花园1栋3三元505室\r\n', '', '0000-00-00 00:00:00', '', ''),
(68, '29009313', 2, 'CAN', 67, 0, 'lw ', '2014-10-13 05:28:52', '奶粉', 6, '7.2', '410105198609160128', '543b9bb407a121.JPG', '543b9bb407a122.JPG', 1, 'lili', '', '0433961051', '', '20 loris way kardinya wa 6163\r\n', '陈光', '', '13522849508', '', '北京市朝阳区红军营南路北卫新园12号楼3单元1401\r\n', '', '0000-00-00 00:00:00', '', ''),
(69, '29009267', 2, 'CAN', 68, 0, 'lw', '2014-10-13 13:46:46', '奶粉', 6, '7.2', '', NULL, NULL, 1, 'danluo', '', '0433193810', '', '4/12leila street，canning，wa Australia', '王刚', '', '13918789887', '', '上海市闵行区七莘路2899弄6号502 牡丹公寓', '', '0000-00-00 00:00:00', '', ''),
(70, '29008991', 2, 'CAN', 69, 0, 'lw', '2014-10-13 14:19:33', '奶粉', 6, '7.3', '350623198910248413', '543d33e1bebc21.jpg', '543d33e1bebc22.jpg', 1, 'sam', '0450', '881321', '', '', '徐景跃', '', '13794741404', '', '广东省河源市紫金县紫城镇全紫金广场51号铺家有小熊\r\n', '', '0000-00-00 00:00:00', '', ''),
(71, '29008992', 2, 'CAN', 70, 0, 'lw', '2014-10-13 14:20:07', '奶粉', 6, '7.3', '350623198212078410', '543c26d61ab3f1.jpg', '543c26d61ab3f2.jpg', 1, '张子庭', '0450', '881327', '', '', '徐少伟', '', '13825359368', '', '广东省河源市紫金县紫城镇黄花路十四巷2号\r\n', '', '0000-00-00 00:00:00', '', ''),
(72, '29008994', 2, 'CAN', 71, 0, 'lw', '2014-10-13 14:20:15', '奶粉', 6, '7.3', '350623198803236062', '543d35952dc6c1.jpg', '543d35952dc6c2.jpg', 1, '黄潮', '0430', '000568', '', '', '李美凤', '', '13510608469', '', '广东省河源市紫金县紫城镇广场五路35号\r\n', '', '0000-00-00 00:00:00', '', ''),
(73, '29008995', 2, 'CAN', 72, 0, 'lw', '2014-10-13 14:20:20', '奶粉', 6, '7.3', '350623198507058425', '543d336507a121.jpg', '543d336507a122.jpg', 1, 'tsny', '0450', '881321', '', '', '徐少华', '', '13972631085', '', '湖北省仙桃市仙源大道圣淘沙国际花园C栋1803\r\n', '', '0000-00-00 00:00:00', '', ''),
(74, '29008996', 2, 'CAN', 73, 0, 'lw', '2014-10-13 14:20:35', '奶粉', 6, '7.3', '360104198111230044', '543c279cb34a71.jpg', '543c279cb34a72.jpg', 1, 'tsny', '0450', '881321', '', '', '邹丽娜', '', '13972631085', '', '湖北省仙桃市仙源大道圣淘沙国际花园C栋1803\r\n', '', '0000-00-00 00:00:00', '', ''),
(75, '29008997', 2, 'CAN', 74, 0, 'lw', '2014-10-13 14:20:44', '奶粉', 6, '7.3', '360111196211191825', '543d3617393871.jpg', '543d3617393872.jpg', 1, '张子庭', '0450', '881321', '', '', '杨国妹', '', '13794741404', '', '广东省河源市紫金县紫城镇全紫金广场51号铺家有小熊\r\n', '', '0000-00-00 00:00:00', '', ''),
(79, '29009333', 2, 'CAN', 78, 0, 'lw', '2014-10-13 15:25:26', '奶粉', 6, '7.3', '352225195910060065', '543d0f1140d991.jpg', '543d0f1140d992.jpg', 1, 'kelly', '0452', '180896', '', '', '陈淑平', '', '13706921327', '', '福建省宁德市霞浦县世纪锦园8号401\r\n', '', '0000-00-00 00:00:00', '', ''),
(80, '29009334', 2, 'CAN', 79, 0, 'lw', '2014-10-13 15:25:34', '奶粉', 6, '7.3', '350600198302132543', '543d0ef6d97011.JPG', '543d0ef6d97012.JPG', 1, 'Bllen', '0415', '093393', '', '', '郭峰', '', '18659211705', '', '福建省夏门市湖里区创新三路6号光辉楼ABB高压\r\n', '', '0000-00-00 00:00:00', '', ''),
(81, '29009337', 2, 'CAN', 80, 0, 'lw', '2014-10-13 15:25:47', '奶粉', 6, '7.3', '352225198303010019', '543d1018c65d41.jpg', '543d1018c65d42.jpg', 1, 'Amy', '0411', '050632', '', '', '郭枫', '', '18659211705', '', '福建省厦门市思明区莲前西路509号703\r\n', '', '0000-00-00 00:00:00', '', ''),
(82, '29009341', 2, 'CAN', 81, 0, 'lw', '2014-10-13 15:25:57', '奶粉', 6, '7.3', '352225195606140511', '543d0d20d59f81.JPG', '543d0d20d59f82.JPG', 1, 'Risty', '0452', '180896', '', '', '郭德金', '', '13706034533', '', '福建省宁德市霞浦县世纪锦园8号301\r\n', '', '0000-00-00 00:00:00', '', ''),
(83, '29009342', 2, 'CAN', 82, 0, 'lw', '2014-10-13 15:26:05', '奶粉', 6, '7.3', '352228195510100020', '543d0e747270e1.JPG', '543d0e747270e2.JPG', 1, 'IMS', '0411', '050632', '', '', '黄立容', '', '18659211705', '', '福建省厦门市思明区莲前西路509号701\r\n', '', '0000-00-00 00:00:00', '', ''),
(84, '29009346', 2, 'CAN', 83, 0, 'lw', '2014-10-13 15:26:15', '奶粉', 6, '7.3', '352225198303160025', '543d0eb83567e1.JPG', '543d0eb83567e2.JPG', 1, 'kevlin', '0452', '180896', '', '', '林雅琼', '', '18059248316', '', '福建省厦门市思明区同安路2号B栋701\r\n', '', '0000-00-00 00:00:00', '', ''),
(85, '29008993', 2, 'CAN', 84, 0, 'lw', '2014-10-13 16:25:53', '奶粉', 6, '7.3', '350623198803128416', '543d3450e8b251.jpg', '543d3450e8b252.jpg', 1, 'kevlin', '0411', '050632', '', '', '徐森跃', '', '13825359368', '', '广东省河源市紫金县紫城镇黄花路十四巷2号\r\n', '', '0000-00-00 00:00:00', '', ''),
(86, '29009041', 2, 'CAN', 85, 0, 'lw ', '2014-10-14 05:05:50', '化妆品', 17, '3.2', '440103198302030014', '543cd44d000001.jpg', '543cd44d000002.jpg', 1, 'sin wing ', '', '0468808831', '', '16 binwhan st dinwlla wa ', '黄卓君', '', '13533661159', '', '广东省广州市西槎路同德围粤溪北路138号C3栋3楼\r\n', '', '0000-00-00 00:00:00', '', ''),
(89, '29008960', 12, 'A', 1, 0, 'lw', '2014-10-17 04:36:01', '', 1, '0', '', NULL, NULL, 0, '', '', '', '', '', '', '', '13270552369', '', '', '', '0000-00-00 00:00:00', '', ''),
(90, '29009078', 12, 'A', 2, 0, 'lw', '2014-10-17 04:48:36', '', 1, '0', '', NULL, NULL, 0, '', '', '', '', '', '', '', '15999670117', '', '', '', '0000-00-00 00:00:00', '', ''),
(91, '29009119', 12, 'A', 3, 0, 'lw', '2014-10-17 04:49:14', '', 0, '0', '', NULL, NULL, 0, '', '', '', '', '', '', '', '1300378352', '', '', '', '0000-00-00 00:00:00', '', ''),
(92, '29009132', 12, 'A', 4, 0, 'lw', '2014-10-17 04:49:58', '', 0, '0', '', NULL, NULL, 0, '', '', '', '', '', '', '', '13604670163', '', '', '', '0000-00-00 00:00:00', '', ''),
(93, '29009188', 12, 'A', 5, 0, 'lw', '2014-10-17 04:50:27', '', 0, '0', '', NULL, NULL, 0, '', '', '', '', '', '', '', '13902539956', '', '', '', '0000-00-00 00:00:00', '', ''),
(94, '29009200', 12, 'A', 6, 0, 'lw', '2014-10-17 04:50:51', '', 0, '0', '', NULL, NULL, 0, '', '', '', '', '', '', '', '13421873014', '', '', '', '0000-00-00 00:00:00', '', ''),
(95, '29009223', 12, 'A', 7, 0, 'lw', '2014-10-17 04:51:30', '', 0, '0', '', NULL, NULL, 0, '', '', '', '', '', '', '', '18906201129', '', '', '', '0000-00-00 00:00:00', '', ''),
(96, '29009229', 12, 'A', 8, 0, 'lw', '2014-10-17 04:52:05', '', 0, '0', '', NULL, NULL, 0, '', '', '', '', '', '', '', '13842266527', '', '', '', '0000-00-00 00:00:00', '', '');

-- --------------------------------------------------------

--
-- 表的结构 `tb_batch`
--

CREATE TABLE IF NOT EXISTS `tb_batch` (
  `id` int(11) NOT NULL AUTO_INCREMENT,
  `name` varchar(50) CHARACTER SET utf8 NOT NULL,
  `amount` int(10) unsigned zerofill NOT NULL,
  `route_num` int(10) NOT NULL DEFAULT '0',
  `created_date` timestamp NULL DEFAULT NULL,
  `created_admin` varchar(50) CHARACTER SET utf8 NOT NULL,
  PRIMARY KEY (`id`)
) ENGINE=InnoDB  DEFAULT CHARSET=utf8 COLLATE=utf8_estonian_ci AUTO_INCREMENT=13 ;

--
-- 转存表中的数据 `tb_batch`
--

INSERT INTO `tb_batch` (`id`, `name`, `amount`, `route_num`, `created_date`, `created_admin`) VALUES
(2, 'CAN', 0000000072, 1, '2014-10-09 06:57:58', 'lw'),
(11, 'A', 0000000001, 0, '2014-10-17 04:27:37', 'lw'),
(12, 'A', 0000000008, 0, '2014-10-17 04:36:01', 'lw');

-- --------------------------------------------------------

--
-- 表的结构 `tb_card`
--

CREATE TABLE IF NOT EXISTS `tb_card` (
  `id` int(11) NOT NULL AUTO_INCREMENT,
  `card_num` varchar(50) CHARACTER SET utf8 NOT NULL,
  `user_id` int(11) DEFAULT NULL,
  `status` int(1) unsigned zerofill NOT NULL,
  `active_date` timestamp NULL DEFAULT NULL,
  `active_admin` varchar(50) CHARACTER SET utf8 DEFAULT NULL,
  `created_admin` varchar(50) CHARACTER SET utf8 NOT NULL,
  `created_date` timestamp NULL DEFAULT NULL,
  PRIMARY KEY (`id`),
  UNIQUE KEY `card_num` (`card_num`)
) ENGINE=InnoDB DEFAULT CHARSET=utf8 COLLATE=utf8_estonian_ci AUTO_INCREMENT=1 ;

-- --------------------------------------------------------

--
-- 表的结构 `tb_card_type`
--

CREATE TABLE IF NOT EXISTS `tb_card_type` (
  `id` int(10) unsigned NOT NULL AUTO_INCREMENT,
  `name` varchar(50) COLLATE utf8_estonian_ci NOT NULL,
  `credit_benchmark` int(10) unsigned zerofill NOT NULL,
  `update_date` timestamp NOT NULL DEFAULT CURRENT_TIMESTAMP ON UPDATE CURRENT_TIMESTAMP,
  `created_admin` varchar(200) CHARACTER SET utf8 NOT NULL,
  PRIMARY KEY (`id`),
  UNIQUE KEY `name` (`name`)
) ENGINE=InnoDB  DEFAULT CHARSET=utf8 COLLATE=utf8_estonian_ci AUTO_INCREMENT=11 ;

--
-- 转存表中的数据 `tb_card_type`
--

INSERT INTO `tb_card_type` (`id`, `name`, `credit_benchmark`, `update_date`, `created_admin`) VALUES
(3, '普通卡', 0000000000, '2014-07-14 12:40:28', 'lw'),
(6, '银卡', 0000000500, '2014-10-08 01:09:08', 'lw'),
(10, '金卡', 0000001000, '2014-07-14 12:46:48', 'lw');

-- --------------------------------------------------------

--
-- 表的结构 `tb_china_firm`
--

CREATE TABLE IF NOT EXISTS `tb_china_firm` (
  `id` int(11) NOT NULL AUTO_INCREMENT,
  `code` varchar(100) DEFAULT NULL,
  `name` varchar(100) DEFAULT NULL,
  PRIMARY KEY (`id`)
) ENGINE=InnoDB  DEFAULT CHARSET=utf8 AUTO_INCREMENT=7 ;

--
-- 转存表中的数据 `tb_china_firm`
--

INSERT INTO `tb_china_firm` (`id`, `code`, `name`) VALUES
(1, 'huitongkuaidi', '汇通快运'),
(2, 'tiantian', '天天快递'),
(3, 'tnt', 'TNT'),
(4, 'zhaijisong', '宅急送'),
(5, 'shunfeng', '顺丰速递'),
(6, 'ems', 'EMS');

-- --------------------------------------------------------

--
-- 表的结构 `tb_email_account`
--

CREATE TABLE IF NOT EXISTS `tb_email_account` (
  `id` int(11) NOT NULL AUTO_INCREMENT,
  `email` varchar(100) NOT NULL,
  `name` varchar(100) NOT NULL,
  PRIMARY KEY (`id`),
  UNIQUE KEY `email` (`email`)
) ENGINE=InnoDB  DEFAULT CHARSET=utf8 AUTO_INCREMENT=3 ;

-- --------------------------------------------------------

--
-- 表的结构 `tb_feedback`
--

CREATE TABLE IF NOT EXISTS `tb_feedback` (
  `id` int(11) NOT NULL AUTO_INCREMENT,
  `name` varchar(50) CHARACTER SET utf8 DEFAULT NULL,
  `tel` varchar(50) CHARACTER SET utf8 DEFAULT NULL,
  `order_num` varchar(50) COLLATE utf8_estonian_ci DEFAULT NULL,
  `email` varchar(100) CHARACTER SET utf8 DEFAULT NULL,
  `contents` text CHARACTER SET utf8 NOT NULL,
  `admin` varchar(100) CHARACTER SET utf8 DEFAULT NULL,
  `created_date` timestamp NOT NULL DEFAULT CURRENT_TIMESTAMP ON UPDATE CURRENT_TIMESTAMP,
  `reply_date` timestamp NULL DEFAULT NULL,
  PRIMARY KEY (`id`)
) ENGINE=InnoDB  DEFAULT CHARSET=utf8 COLLATE=utf8_estonian_ci AUTO_INCREMENT=5 ;

--
-- 转存表中的数据 `tb_feedback`
--

INSERT INTO `tb_feedback` (`id`, `name`, `tel`, `order_num`, `email`, `contents`, `admin`, `created_date`, `reply_date`) VALUES
(1, '王先生', '15817578369', '', 'wqyxrwl@gmail.com', '您好，我司正在寻求合作伙伴，贵公司是否愿意为顾客多开辟一条渠道？\r\n\r\n我方从事 个人行邮方式，广州口岸清关服务, 绝非灰色清关（快件，水客，小三通）\r\n全程ems（清关加派送）时效7天之内\r\n\r\n目前大多数转运公司瓶颈卡在了渠道上，不断地流失客户。\r\n\r\n我们本着提高时效，压缩成本，构建最佳海淘渠道的目标，希望能与贵公司有一次合作, 试走的机会\r\n\r\n多一个渠道，多一份利润\r\n\r\nQQ：1938779241                                                             \r\n名称：东莞市翔锐物流有限公司 \r\n地址：东莞市南城区明致商务大厦B619\r\n电话：15817578369                   \r\n传真：0769-22008722               \r\n邮箱：wqyxrwl@gmail.com\r\n                              \r\nQQ：1938779241\r\nCompany Name:  xiangrui  logistics  company\r\nAddress:  Room B619, Mingzhi Building,  Nancheng,  Dongguan\r\nTel  :  15817578369                 \r\nFax :  0769-22008722\r\nE-mail：wqyxrwl@gmail.com', '', '2014-10-08 09:25:39', NULL),
(2, 'Stanley Zhou', '0451300529', '2900 8999', '276487943@qq.com', '你好，我寄了三箱货，但是你们网站不支持任何图片格式上传。现无法上传身份证件。', 'lw', '2014-10-10 17:55:16', '2014-10-10 17:55:16'),
(3, 'yrdy', '234234234', '234234234', 'ouyangnandi@hotmail.com', '23423423423', NULL, '2014-10-15 17:00:10', NULL),
(4, 'MRS 王', '', '', 'sunne_apple@msn.com', '单号29009087查不到，此单是2014/10/9寄出，收件人:沈蓉；联系电话：13815892555；因查不到此单，无法上传身体证照片。\r\n另单号29009089是同一时间寄出，同一收件人和联系电话。请查实\r\n谢谢', NULL, '2014-10-17 08:17:18', NULL);

-- --------------------------------------------------------

--
-- 表的结构 `tb_news`
--

CREATE TABLE IF NOT EXISTS `tb_news` (
  `id` int(11) NOT NULL AUTO_INCREMENT,
  `subject` varchar(200) CHARACTER SET utf8 NOT NULL,
  `content` text CHARACTER SET utf8 NOT NULL,
  `created_admin` varchar(50) CHARACTER SET utf8 NOT NULL,
  `page_view` int(10) unsigned zerofill NOT NULL DEFAULT '0000000000',
  `updated_date` timestamp NOT NULL DEFAULT CURRENT_TIMESTAMP ON UPDATE CURRENT_TIMESTAMP,
  PRIMARY KEY (`id`)
) ENGINE=InnoDB  DEFAULT CHARSET=utf8 COLLATE=utf8_estonian_ci AUTO_INCREMENT=16 ;

-- --------------------------------------------------------

--
-- 表的结构 `tb_new_order`
--

CREATE TABLE IF NOT EXISTS `tb_new_order` (
  `id` int(11) NOT NULL AUTO_INCREMENT,
  `akt_order_id` int(11) NOT NULL,
  `new_order_num` varchar(50) NOT NULL,
  `new_order_company` varchar(50) NOT NULL,
  `updated_date` timestamp NOT NULL DEFAULT CURRENT_TIMESTAMP ON UPDATE CURRENT_TIMESTAMP,
  `updated_admin` varchar(50) DEFAULT NULL,
  PRIMARY KEY (`id`)
) ENGINE=InnoDB  DEFAULT CHARSET=utf8 AUTO_INCREMENT=73 ;

--
-- 转存表中的数据 `tb_new_order`
--

INSERT INTO `tb_new_order` (`id`, `akt_order_id`, `new_order_num`, `new_order_company`, `updated_date`, `updated_admin`) VALUES
(1, 8, 'BE018254195CN', 'ems', '2014-10-16 14:10:58', 'lw'),
(2, 9, 'BE018254218CN', 'ems', '2014-10-16 14:13:28', 'lw'),
(3, 10, 'BE018254235CN', 'ems', '2014-10-16 14:19:02', 'lw'),
(4, 2, 'BE018254249CN', 'ems', '2014-10-16 14:20:15', 'lw'),
(5, 3, 'BE018254266CN', 'ems', '2014-10-16 14:20:51', 'lw'),
(6, 4, 'BE018254283CN', 'ems', '2014-10-16 14:21:35', 'lw'),
(7, 5, 'BE018254306CN', 'ems', '2014-10-16 14:22:28', 'lw'),
(8, 6, 'BE018254310CN', 'ems', '2014-10-16 14:28:36', 'lw'),
(9, 7, 'BE018254337CN', 'ems', '2014-10-16 14:30:25', 'lw'),
(10, 11, 'BE018254354CN', 'ems', '2014-10-16 14:32:43', 'lw'),
(11, 12, 'BE018254371CN', 'ems', '2014-10-16 14:33:38', 'lw'),
(12, 13, 'BE018254385CN', 'ems', '2014-10-16 14:55:22', 'lw'),
(13, 14, 'BE018254408CN', 'ems', '2014-10-16 14:56:07', 'lw'),
(14, 16, 'BE018254425CN', 'ems', '2014-10-16 15:02:38', 'lw'),
(15, 17, 'BE018254442CN', 'ems', '2014-10-16 15:03:29', 'lw'),
(16, 18, 'BE018254456CN', 'ems', '2014-10-16 15:04:19', 'lw'),
(17, 19, 'BE018254473CN', 'ems', '2014-10-16 15:05:19', 'lw'),
(18, 86, 'BE018254513CN', 'ems', '2014-10-16 15:42:30', 'lw'),
(19, 21, 'BE018254527CN', 'ems', '2014-10-16 15:44:24', 'lw'),
(20, 22, 'BE018254544CN', 'ems', '2014-10-16 15:45:09', 'lw'),
(21, 23, 'BE018254561CN', 'ems', '2014-10-16 15:45:59', 'lw'),
(22, 24, 'BE018254589CN', 'ems', '2014-10-16 15:46:28', 'lw'),
(23, 26, 'BE018254592CN', 'ems', '2014-10-16 15:48:32', 'lw'),
(24, 27, 'BE018254615CN', 'ems', '2014-10-16 15:51:01', 'lw'),
(25, 29, 'BE018254632CN', 'ems', '2014-10-16 15:51:38', 'lw'),
(26, 30, 'BE018254650CN', 'ems', '2014-10-16 15:52:16', 'lw'),
(27, 31, 'BE018254663CN', 'ems', '2014-10-16 15:52:51', 'lw'),
(28, 33, 'BE018254685CN', 'ems', '2014-10-16 15:53:22', 'lw'),
(29, 34, 'BE018254703CN', 'ems', '2014-10-16 15:53:59', 'lw'),
(30, 35, 'BE018254725CN', 'ems', '2014-10-16 15:54:30', 'lw'),
(31, 37, 'BE018254734CN', 'ems', '2014-10-16 15:55:17', 'lw'),
(32, 38, 'BE018254751CN', 'ems', '2014-10-16 15:55:47', 'lw'),
(33, 39, 'BE018254779CN', 'ems', '2014-10-16 15:58:14', 'lw'),
(34, 41, 'BE018254796CN', 'ems', '2014-10-16 16:07:56', 'lw'),
(35, 43, 'BE018254805CN', 'ems', '2014-10-16 16:08:34', 'lw'),
(36, 44, 'BE018254822CN', 'ems', '2014-10-16 16:09:39', 'lw'),
(37, 45, 'BE018254840CN', 'ems', '2014-10-16 16:10:07', 'lw'),
(38, 47, 'BE018254867CN', 'ems', '2014-10-16 16:37:21', 'lw'),
(39, 48, 'BE018254875CN', 'ems', '2014-10-16 16:11:21', 'lw'),
(40, 49, 'BE018254898CN', 'ems', '2014-10-16 16:12:47', 'lw'),
(41, 50, 'BE018254915CN', 'ems', '2014-10-16 16:13:16', 'lw'),
(42, 51, 'BE018254924CN', 'ems', '2014-10-16 16:13:47', 'lw'),
(43, 52, 'BE018254941CN', 'ems', '2014-10-16 16:14:24', 'lw'),
(44, 53, 'BE018254969CN', 'ems', '2014-10-16 16:14:56', 'lw'),
(45, 54, 'BE018254986CN', 'ems', '2014-10-16 16:15:29', 'lw'),
(46, 56, 'BE018254990CN', 'ems', '2014-10-16 16:15:56', 'lw'),
(47, 57, 'BE018255010CN', 'ems', '2014-10-16 16:17:41', 'lw'),
(48, 58, 'BE018255037CN', 'ems', '2014-10-16 16:18:15', 'lw'),
(49, 59, 'BE018255054CN', 'ems', '2014-10-16 16:37:09', 'lw'),
(50, 60, 'BE018255068CN', 'ems', '2014-10-16 16:19:32', 'lw'),
(51, 61, 'BE018255085CN', 'ems', '2014-10-16 16:20:04', 'lw'),
(52, 62, 'BE018255108CN', 'ems', '2014-10-16 16:20:45', 'lw'),
(53, 63, 'BE018255125CN', 'ems', '2014-10-16 16:21:25', 'lw'),
(54, 65, 'BE018255139CN', 'ems', '2014-10-16 16:23:13', 'lw'),
(55, 66, 'BE018255156CN', 'ems', '2014-10-16 16:23:45', 'lw'),
(56, 67, 'BE018255173CN', 'ems', '2014-10-16 16:24:21', 'lw'),
(57, 68, 'BE018255195CN', 'ems', '2014-10-16 16:24:49', 'lw'),
(58, 70, 'BE018255200CN', 'ems', '2014-10-16 16:25:28', 'lw'),
(59, 71, 'BE018255403CN', 'ems', '2014-10-16 16:26:03', 'lw'),
(60, 85, 'BE018255417CN', 'ems', '2014-10-16 16:26:44', 'lw'),
(61, 72, 'BE018255434CN', 'ems', '2014-10-16 16:27:34', 'lw'),
(62, 73, 'BE018255451CN', 'ems', '2014-10-16 16:28:06', 'lw'),
(63, 74, 'BE018255479CN', 'ems', '2014-10-16 16:28:36', 'lw'),
(64, 75, 'BE018255482CN', 'ems', '2014-10-16 16:29:16', 'lw'),
(65, 79, 'BE018255540CN', 'ems', '2014-10-16 16:31:10', 'lw'),
(66, 82, 'BE018255553CN', 'ems', '2014-10-16 16:32:00', 'lw'),
(67, 83, 'BE018255575CN', 'ems', '2014-10-16 16:32:33', 'lw'),
(68, 84, 'BE018255598CN', 'ems', '2014-10-16 16:33:03', 'lw'),
(69, 69, 'BE018255615CN', 'ems', '2014-10-16 16:33:39', 'lw'),
(70, 80, 'BE018255624CN', 'ems', '2014-10-16 16:34:09', 'lw'),
(71, 81, 'BE018255641CN', 'ems', '2014-10-16 16:34:36', 'lw'),
(72, 28, 'BE018255669CN', 'ems', '2014-10-16 16:35:21', 'lw');

-- --------------------------------------------------------

--
-- 表的结构 `tb_notice`
--

CREATE TABLE IF NOT EXISTS `tb_notice` (
  `id` int(11) NOT NULL AUTO_INCREMENT,
  `subject` varchar(100) NOT NULL,
  `content` text NOT NULL,
  `created_admin` varchar(50) NOT NULL,
  `page_view` int(10) unsigned zerofill NOT NULL DEFAULT '0000000000',
  `updated_date` timestamp NOT NULL DEFAULT CURRENT_TIMESTAMP ON UPDATE CURRENT_TIMESTAMP,
  PRIMARY KEY (`id`)
) ENGINE=InnoDB  DEFAULT CHARSET=utf8 AUTO_INCREMENT=10 ;

--
-- 转存表中的数据 `tb_notice`
--

INSERT INTO `tb_notice` (`id`, `subject`, `content`, `created_admin`, `page_view`, `updated_date`) VALUES
(7, '公告', '<p>因关口商检严格，货物积压过多；导致清关缓慢；现已恢复。敬请谅解！&nbsp;</p>\r\n', 'lw', 0000000023, '2014-10-17 08:04:35'),
(9, '公告', '尊敬的客户：本周原定周二起飞的航班，因故延误到本周四；给您带来的不便深表歉意！凡受本次延误的客户可享受下次运费优惠，详情请到店咨询。', 'lw', 0000000010, '2014-10-17 08:04:33');

-- --------------------------------------------------------

--
-- 表的结构 `tb_route`
--

CREATE TABLE IF NOT EXISTS `tb_route` (
  `id` int(11) NOT NULL AUTO_INCREMENT,
  `batch_id` int(11) DEFAULT NULL,
  `batch_name` varchar(100) NOT NULL,
  `updated_date` timestamp NOT NULL DEFAULT CURRENT_TIMESTAMP,
  `updated_admin` varchar(50) NOT NULL,
  `description` varchar(500) CHARACTER SET utf8 COLLATE utf8_estonian_ci NOT NULL,
  `area` varchar(100) DEFAULT NULL,
  PRIMARY KEY (`id`)
) ENGINE=InnoDB  DEFAULT CHARSET=utf8 AUTO_INCREMENT=2 ;

--
-- 转存表中的数据 `tb_route`
--

INSERT INTO `tb_route` (`id`, `batch_id`, `batch_name`, `updated_date`, `updated_admin`, `description`, `area`) VALUES
(1, 2, 'CAN', '2014-10-16 07:16:55', 'lw', '您的物品已经抵达机场，正在等待发往中国。', '澳大利亚');

-- --------------------------------------------------------

--
-- 表的结构 `tb_user`
--

CREATE TABLE IF NOT EXISTS `tb_user` (
  `id` int(10) unsigned NOT NULL AUTO_INCREMENT,
  `card_num` varchar(50) CHARACTER SET utf8 DEFAULT NULL,
  `username` varchar(50) CHARACTER SET utf8 DEFAULT NULL,
  `password` varchar(50) CHARACTER SET utf8 NOT NULL,
  `name` varchar(200) CHARACTER SET utf8 DEFAULT NULL,
  `gender` tinyint(1) unsigned zerofill NOT NULL DEFAULT '0',
  `age` tinyint(4) DEFAULT NULL,
  `email` varchar(100) CHARACTER SET utf8 DEFAULT NULL,
  `tel` varchar(100) CHARACTER SET utf8 DEFAULT NULL,
  `credits` int(10) unsigned zerofill NOT NULL DEFAULT '0000000000',
  `status` tinyint(3) unsigned zerofill NOT NULL DEFAULT '000',
  `created_date` timestamp NULL DEFAULT NULL,
  `active_admin` varchar(50) CHARACTER SET utf8 DEFAULT NULL,
  `address` varchar(200) CHARACTER SET utf8 DEFAULT NULL,
  `education` varchar(100) CHARACTER SET utf8 DEFAULT NULL,
  `university` varchar(100) CHARACTER SET utf8 DEFAULT NULL,
  `interest` varchar(200) CHARACTER SET utf8 DEFAULT NULL,
  `firm` varchar(100) CHARACTER SET utf8 DEFAULT NULL,
  `notes` varchar(200) CHARACTER SET utf8 DEFAULT NULL,
  PRIMARY KEY (`id`)
) ENGINE=InnoDB  DEFAULT CHARSET=utf8 COLLATE=utf8_estonian_ci AUTO_INCREMENT=6 ;

--
-- 转存表中的数据 `tb_user`
--

INSERT INTO `tb_user` (`id`, `card_num`, `username`, `password`, `name`, `gender`, `age`, `email`, `tel`, `credits`, `status`, `created_date`, `active_admin`, `address`, `education`, `university`, `interest`, `firm`, `notes`) VALUES
(1, NULL, 'ouyangnandi', '017a0fd60980c34d82e8bfc04c3cacf1', NULL, 0, NULL, 'ouyangnandi@hotmail.com', NULL, 0000000000, 000, '2014-10-10 17:51:58', '用户创建', NULL, NULL, NULL, NULL, NULL, NULL),
(2, NULL, 'winter_mawei', 'd947899688626ee8791ceabb1f4298b7', NULL, 0, NULL, '18509997@qq.com', NULL, 0000000000, 000, '2014-10-11 00:29:23', '用户创建', NULL, NULL, NULL, NULL, NULL, NULL),
(3, NULL, 'hl000dina', '42f749ade7f9e195bf475f37a44cafcb', NULL, 0, NULL, 'queentiger520@hotmail.com', NULL, 0000000000, 000, '2014-10-13 12:57:09', '用户创建', NULL, NULL, NULL, NULL, NULL, NULL),
(4, NULL, 'evaviva', 'f3ae6c80c57c3c14882741ede3ccacb4', NULL, 0, NULL, '380098047@qq.com', NULL, 0000000000, 000, '2014-10-15 11:44:41', '用户创建', NULL, NULL, NULL, NULL, NULL, NULL),
(5, NULL, '13905461821', 'bac551ad04a27638a05bde6ae4e713d1', NULL, 0, NULL, '510624622@qq.com', NULL, 0000000000, 000, '2014-10-16 10:25:15', '用户创建', NULL, NULL, NULL, NULL, NULL, NULL);

/*!40101 SET CHARACTER_SET_CLIENT=@OLD_CHARACTER_SET_CLIENT */;
/*!40101 SET CHARACTER_SET_RESULTS=@OLD_CHARACTER_SET_RESULTS */;
/*!40101 SET COLLATION_CONNECTION=@OLD_COLLATION_CONNECTION */;
